<?xml version="1.0" encoding="UTF-8"?>
<project-private xmlns="http://www.netbeans.org/ns/project-private/1">
    <editor-bookmarks xmlns="http://www.netbeans.org/ns/editor-bookmarks/2" lastBookmarkId="0"/>
    <open-files xmlns="http://www.netbeans.org/ns/projectui-open-files/2">
        <group>
            <file>file:/C:/Users/Sree/Documents/NetBeansProjects/Examination-System-master/src/java/myPackage/classes/User.java</file>
            <file>file:/C:/Users/Sree/Documents/NetBeansProjects/Examination-System-master/web/index.jsp</file>
            <file>file:/C:/Users/Sree/Documents/NetBeansProjects/Examination-System-master/src/java/myPackage/DatabaseClass.java</file>
            <file>file:/C:/Users/Sree/Documents/NetBeansProjects/Examination-System-master/src/java/myPackage/classes/Questions.java</file>
            <file>file:/C:/Users/Sree/Documents/NetBeansProjects/Examination-System-master/db%20script/exam_system.sql</file>
            <file>file:/C:/Users/Sree/Documents/NetBeansProjects/Examination-System-master/web/controller.jsp</file>
        </group>
    </open-files>
</project-private>
